stock_id,brand,model,year,price,discount,mileage_km,cc,style,color,condition_grade,owners,accessories,highlights,warranty_note,status,engine,power,riding_modes,seat_height,weight,images
MT001,Ducati,Streetfighter V4 S,2022,673000,20000,11527,1103,Naked,แดง,A+,2,ท่อสลิปออน Akrapovic,เจ้าของเดิม 2 คน; มีสมุดเช็คระยะครบทุกระยะ; ยางหน้า-หลังดอกเหลือประมาณ 70%; ระบบไฟและเซ็นเซอร์ทำงานครบ,"รับประกันเครื่องยนต์และระบบส่งกำลังจากร้าน 6 เดือน หรือ 5,000 กม. (แล้วแต่อย่างใดถึงก่อน)",พร้อมขาย,"Desmosedici Stradale 90° V4 , 4 จังหวะ, 4 วาล์ว/สูบ, ระบายความร้อนด้วยน้ำ","208 แรงม้า ที่ 12,750 รอบ/นาที","Race, Sport และ Street",845 มิลลิเมตร,199 กิโลกรัม,https://image.makewebcdn.com/makeweb/m_1920x0/GKsm2kwBS/DucaSFV4s9000/DSC01667.jpg|https://image.makewebcdn.com/makeweb/m_1920x0/GKsm2kwBS/DucaSFV4s9000/DSC01668.jpg|https://image.makewebcdn.com/makeweb/m_1920x0/GKsm2kwBS/DucaSFV4s9000/DSC01669.jpg
MT002,Honda,CB650R,2019,154000,15000,22190,649,Naked,ดำ,B+,1,กันล้มข้างเครื่อง; กระจกปลายแฮนด์,เจ้าของเดิม 1 คน (มือเดียว); มีประวัติเข้าศูนย์บริการ; ยางหน้า-หลังดอกเหลือประมาณ 60%; ไม่มีประวัติรถชนหนักหรือจมน้ำ,"รับประกันเครื่องยนต์และระบบส่งกำลังจากร้าน 6 เดือน หรือ 5,000 กม. (แล้วแต่อย่างใดถึงก่อน)",พร้อมขาย,4 สูบเรียง 4 จังหวะ 4 วาล์วต่อสูบ ระบายความร้อนด้วยน้ำ,"94 แรงม้า ที่ 12,000 รอบ/นาที",,810 มิลลิเมตร,202 กิโลกรัม,https://image.makewebcdn.com/makeweb/m_1920x0/GKsm2kwBS/HondaCB650r332/DSC01623.jpg|https://image.makewebcdn.com/makeweb/m_1920x0/GKsm2kwBS/HondaCB650r332/DSC01627.jpg|https://image.makewebcdn.com/makeweb/m_1920x0/GKsm2kwBS/HondaCB650r332/DSC01628.jpg
MT003,Triumph,Scrambler 1200 XE,2019,458000,50000,16330,1200,Scrambler,แดง,B+,1,,เจ้าของเดิม 1 คน (มือเดียว); เช็คระยะตามกำหนดสม่ำเสมอ; ยางหน้า-หลังดอกเหลือประมาณ 80%; ระบบไฟและเซ็นเซอร์ทำงานครบ; เปลี่ยนโซ่-สเตอร์ชุดใหม่แล้ว,"รับประกันเครื่องยนต์และระบบส่งกำลังจากร้าน 6 เดือน หรือ 5,000 กม. (แล้วแต่อย่างใดถึงก่อน)",พร้อมขาย,2 สูบเรียงแบบ Parallel Twin 4 จังหวะ 8 วาล์ว ระบายความร้อนด้วยน้ำ,"90 แรงม้า ที่ 7,400 รอบ / นาที",,870 มิลลิเมตร,207 กิโลกรัม,https://image.makewebcdn.com/makeweb/m_1920x0/GKsm2kwBS/TriScrab1200xe22/DSC01490.jpg|https://image.makewebcdn.com/makeweb/m_1920x0/GKsm2kwBS/TriScrab1200xe22/DSC01493.jpg|https://image.makewebcdn.com/makeweb/m_1920x0/GKsm2kwBS/TriScrab1200xe22/DSC01494.jpg
MT004,Yamaha,XMAX 300,2023,137000,20000,13319,292,Scooter,ดำ,A,1,ที่วางเท้าแต่ง; กล้องติดรถหน้า-หลัง,เจ้าของเดิม 1 คน (มือเดียว); มีสมุดเช็คระยะครบทุกระยะ; ยางหน้า-หลังดอกเหลือประมาณ 80%; ระบบไฟและเซ็นเซอร์ทำงานครบ,"รับประกันเครื่องยนต์และระบบส่งกำลังจากร้าน 6 เดือน หรือ 5,000 กม. (แล้วแต่อย่างใดถึงก่อน)",พร้อมขาย,1 สูบ 4 จังหวะ 4 วาล์ว ระบายความร้อนด้วยน้ำ,"28 แรงม้า ที่ 7,250 รอบ/นาที",,795 มิลลิเมตร,179 กิโลกรัม,https://image.makewebcdn.com/makeweb/m_1920x0/GKsm2kwBS/YamahaXmax1302/DSC01436.jpg|https://image.makewebcdn.com/makeweb/m_1920x0/GKsm2kwBS/YamahaXmax1302/DSC01438.jpg|https://image.makewebcdn.com/makeweb/m_1920x0/GKsm2kwBS/YamahaXmax1302/DSC01439.jpg
MT005,Kawasaki,Z1000,2016,192000,0,31902,1043,Naked,เทา,B+,1,การ์ดแฮนด์,เจ้าของเดิม 1 คน (มือเดียว); มีสมุดเช็คระยะครบทุกระยะ; ยางหน้า-หลังดอกเหลือประมาณ 60%; โครงรถเดิม ไม่มีรอยเชื่อมหรือดัด,"รับประกันเครื่องยนต์และระบบส่งกำลังจากร้าน 6 เดือน หรือ 5,000 กม. (แล้วแต่อย่างใดถึงก่อน)",พร้อมขาย,"4 สูบ ,4 จังหวะ ,DOHC 4 วาล์ว ต่อสูบ , ระบายความร้อนด้วยน้ำ","143 แรงม้าที่ 10,000รอบ/นาที",-,815 มิลลิเมตร,221 กิโลกรัม,https://image.makewebcdn.com/makeweb/m_1920x0/GKsm2kwBS/KawaZ10004453/DSC01223.jpg|https://image.makewebcdn.com/makeweb/m_1920x0/GKsm2kwBS/KawaZ10004453/DSC01224.jpg|https://image.makewebcdn.com/makeweb/m_1920x0/GKsm2kwBS/KawaZ10004453/DSC01225.jpg
MT006,Triumph,Tracker 400,2026,149000,10000,2742,398,Classic,แดง,A+,1,กล้องติดรถหน้า-หลัง; กระจกปลายแฮนด์; การ์ดไฟหน้า,เจ้าของเดิม 1 คน (มือเดียว); มีสมุดเช็คระยะครบทุกระยะ; ยางหน้า-หลังดอกเหลือประมาณ 80%; ระบบไฟและเซ็นเซอร์ทำงานครบ,ยังอยู่ในประกันศูนย์ผู้ผลิตถึง มีนาคม 2028 (ใช้ประกันศูนย์ที่เหลือแทนประกันร้าน),พร้อมขาย,1 สูบ 4 จังหวะ 4 วาล์ว ระบายความร้อนด้วยน้ำ,"42 แรงม้า ที่ 9,000 รอบ / นาที",,805 มิลลิเมตร,173 กิโลกรัม,https://image.makewebcdn.com/makeweb/m_1920x0/GKsm2kwBS/TriTracker4004566/DSC01279.jpg|https://image.makewebcdn.com/makeweb/m_1920x0/GKsm2kwBS/TriTracker4004566/DSC01281.jpg|https://image.makewebcdn.com/makeweb/m_1920x0/GKsm2kwBS/TriTracker4004566/DSC01282.jpg
MT007,Harley-Davidson,Sportster S,2024,469000,10000,6276,1252,Cruiser,ดำ,A+,1,,เจ้าของเดิม 1 คน (มือเดียว); เช็คระยะตามกำหนดสม่ำเสมอ; ยางหน้า-หลังดอกเหลือประมาณ 90%; ระบบไฟและเซ็นเซอร์ทำงานครบ; เปลี่ยนผ้าเบรกหน้า-หลังใหม่แล้ว,"รับประกันเครื่องยนต์และระบบส่งกำลังจากร้าน 6 เดือน หรือ 5,000 กม. (แล้วแต่อย่างใดถึงก่อน)",พร้อมขาย,Revolution Max 1250T ระบายความร้อนด้วยน้ำ,"121 แรงม้า ที่ 6,000 รอบต่อนาที",,755 มิลลิเมตร,228 กิโลกรัม,https://image.makewebcdn.com/makeweb/m_1920x0/GKsm2kwBS/HDSport1789/DSC01114.jpg|https://image.makewebcdn.com/makeweb/m_1920x0/GKsm2kwBS/HDSport1789/DSC01115.jpg|https://image.makewebcdn.com/makeweb/m_1920x0/GKsm2kwBS/HDSport1789/DSC01116.jpg
MT008,Yamaha,YZF-R1,2018,451000,50000,18134,998,Sport,เทา,B+,2,การ์ดแฮนด์; ท้ายสั้น; ชิลด์หน้าทรงสูง,เจ้าของเดิม 2 คน; มีสมุดเช็คระยะครบทุกระยะ; ยางหน้า-หลังดอกเหลือประมาณ 90%; ไม่มีประวัติรถชนหนักหรือจมน้ำ,"รับประกันเครื่องยนต์และระบบส่งกำลังจากร้าน 6 เดือน หรือ 5,000 กม. (แล้วแต่อย่างใดถึงก่อน)",พร้อมขาย,"4 สูบ 4 จังหวะ DOHC แบบ Cross Plane Crankshaft 4 วาล์ว ต่อสูบ , ระบายความร้อนด้วยน้ำ","200 แรงม้าที่ 13,000รอบ/นาที",Mode A-B-C-D,855 มิลลิเมตร,200 กิโลกรัม,https://image.makewebcdn.com/makeweb/m_1920x0/GKsm2kwBS/YamahaR16391/DSC01180.jpg|https://image.makewebcdn.com/makeweb/m_1920x0/GKsm2kwBS/YamahaR16391/DSC01181.jpg|https://image.makewebcdn.com/makeweb/m_1920x0/GKsm2kwBS/YamahaR16391/DSC01182.jpg
MT009,Yamaha,MT-07,2025,285000,20000,3506,689,Naked,เทา,A+,1,กระจกปลายแฮนด์,เจ้าของเดิม 1 คน (มือเดียว); มีสมุดเช็คระยะครบทุกระยะ; ยางหน้า-หลังดอกเหลือประมาณ 60%; ระบบไฟและเซ็นเซอร์ทำงานครบ,ยังอยู่ในประกันศูนย์ผู้ผลิตถึง มิถุนายน 2027 (ใช้ประกันศูนย์ที่เหลือแทนประกันร้าน),พร้อมขาย,2 สูบเรียง 4 จังหวะ 8 วาล์ว ระบายความร้อนด้วยน้ำ,"73.4 แรงม้า ที่ 8,750 รอบ / นาที",,805 มิลลิเมตร,183 กิโลกรัม,https://image.makewebcdn.com/makeweb/m_1920x0/GKsm2kwBS/YamahaMT071526/DSC00802.jpg|https://image.makewebcdn.com/makeweb/m_1920x0/GKsm2kwBS/YamahaMT071526/DSC00804.jpg|https://image.makewebcdn.com/makeweb/m_1920x0/GKsm2kwBS/YamahaMT071526/DSC00806.jpg
MT010,Ducati,Hypermotard 950 RVE,2024,386000,20000,15323,937,Motard,แดง,A,1,การ์ดแฮนด์ทรงวิบาก,เจ้าของเดิม 1 คน (มือเดียว); มีประวัติเข้าศูนย์บริการ; ยางหน้า-หลังดอกเหลือประมาณ 60%; ระบบไฟและเซ็นเซอร์ทำงานครบ,ยังอยู่ในประกันศูนย์ผู้ผลิตถึง ธันวาคม 2026 (ใช้ประกันศูนย์ที่เหลือแทนประกันร้าน),พร้อมขาย,L-Twin Testastretta 11° 4 วาล์วต่อสูบ แบบ Demodromic ระบายความร้อนด้วยน้ำ,"114 แรงม้า ที่ 9,000 รอบ/นาที","Touring, Sport, Urban",870 มิลลิเมตร,187 กิโลกรัม,https://image.makewebcdn.com/makeweb/m_1920x0/GKsm2kwBS/DucaHyper950559/DSC00681.jpg|https://image.makewebcdn.com/makeweb/m_1920x0/GKsm2kwBS/DucaHyper950559/DSC00682.jpg|https://image.makewebcdn.com/makeweb/m_1920x0/GKsm2kwBS/DucaHyper950559/DSC00683.jpg
MT011,Ducati,Monster 821,2019,201000,10000,30864,821,Naked,แดง,B+,1,การ์ดแฮนด์; ที่ชาร์จ USB,เจ้าของเดิม 1 คน (มือเดียว); มีประวัติเข้าศูนย์บริการ; ยางหน้า-หลังดอกเหลือประมาณ 60%; ไม่มีประวัติรถชนหนักหรือจมน้ำ; เปลี่ยนผ้าเบรกหน้า-หลังใหม่แล้ว,"รับประกันเครื่องยนต์และระบบส่งกำลังจากร้าน 6 เดือน หรือ 5,000 กม. (แล้วแต่อย่างใดถึงก่อน)",พร้อมขาย,Testastretta 11 ° 2 สูบ L-Twin,"107 แรงม้า ที่ 9,250 รอบ/นาที","Touring, Sport, Urban",ปรับได้ 785-810 มิลลิเมตร,205.5 กิโลกรัม,https://image.makewebcdn.com/makeweb/m_1920x0/GKsm2kwBS/DucaMonster8216542/DSC00646.jpg|https://image.makewebcdn.com/makeweb/m_1920x0/GKsm2kwBS/DucaMonster8216542/DSC00647.jpg|https://image.makewebcdn.com/makeweb/m_1920x0/GKsm2kwBS/DucaMonster8216542/DSC00648.jpg
MT012,Honda,CBR1000RR-R Fireblade SP,2023,597000,10000,7421,999,Sport,ดำ,A,1,,เจ้าของเดิม 1 คน (มือเดียว); มีประวัติเข้าศูนย์บริการ; ยางหน้า-หลังดอกเหลือประมาณ 60%; ระบบไฟและเซ็นเซอร์ทำงานครบ; เปลี่ยนแบตเตอรี่ใหม่แล้ว,"รับประกันเครื่องยนต์และระบบส่งกำลังจากร้าน 6 เดือน หรือ 5,000 กม. (แล้วแต่อย่างใดถึงก่อน)",ติดจอง,4 สูบเรียง DOHC 4 จังหวะ 4 วาล์วต่อสูบ ระบายความร้อนด้วยน้ำ,"162 แรงม้า ที่ 10,500 รอบ/นาที",,830 มิลลิเมตร,201 กิโลกรัม,https://image.makewebcdn.com/makeweb/m_1920x0/GKsm2kwBS/HonCBR1000rrrSpFb1433/DSC00514.jpg|https://image.makewebcdn.com/makeweb/m_1920x0/GKsm2kwBS/HonCBR1000rrrSpFb1433/DSC00515.jpg|https://image.makewebcdn.com/makeweb/m_1920x0/GKsm2kwBS/HonCBR1000rrrSpFb1433/DSC00516.jpg
MT013,Ducati,Streetfighter V4,2022,635000,10000,20609,1103,Naked,เทา,A,1,,เจ้าของเดิม 1 คน (มือเดียว); เช็คระยะตามกำหนดสม่ำเสมอ; ยางหน้า-หลังดอกเหลือประมาณ 90%; โครงรถเดิม ไม่มีรอยเชื่อมหรือดัด,"รับประกันเครื่องยนต์และระบบส่งกำลังจากร้าน 6 เดือน หรือ 5,000 กม. (แล้วแต่อย่างใดถึงก่อน)",ติดจอง,"Desmosedici Stradale 90° V4 ,4 จังหวะ 4 สูบ ,4 วาล์วต่อลูกสูบ Desmodromic valves ,ระบายความร้อนด้วยน้ำ","208 แรงม้า ที่ 11,500 รอบ/นาที","Race ,Sport ,Road ,Rain",845 มิลลิเมตร,198 กิโลกรัม,https://image.makewebcdn.com/makeweb/m_1920x0/GKsm2kwBS/DucaSFV43328/DSC00300.jpg|https://image.makewebcdn.com/makeweb/m_1920x0/GKsm2kwBS/DucaSFV43328/DSC00302.jpg|https://image.makewebcdn.com/makeweb/m_1920x0/GKsm2kwBS/DucaSFV43328/DSC00303.jpg
MT014,Ducati,Streetfighter V4,2023,677000,0,17220,1103,Naked,ดำด้าน,B+,2,ชิลด์หน้าสโมค,เจ้าของเดิม 2 คน; มีสมุดเช็คระยะครบทุกระยะ; ยางหน้า-หลังดอกเหลือประมาณ 90%; ไม่มีประวัติรถชนหนักหรือจมน้ำ,"รับประกันเครื่องยนต์และระบบส่งกำลังจากร้าน 6 เดือน หรือ 5,000 กม. (แล้วแต่อย่างใดถึงก่อน)",พร้อมขาย,"Desmosedici Stradale 90° V4 ,4 จังหวะ 4 สูบ ,4 วาล์วต่อลูกสูบ Desmodromic valves ,ระบายความร้อนด้วยน้ำ","208 แรงม้า ที่ 11,500 รอบ/นาที","Race ,Sport ,Road ,Rain",845 มิลลิเมตร,198 กิโลกรัม,https://image.makewebcdn.com/makeweb/m_1920x0/GKsm2kwBS/DucaSFV47379/DSC09906.jpg|https://image.makewebcdn.com/makeweb/m_1920x0/GKsm2kwBS/DucaSFV47379/DSC09908.jpg|https://image.makewebcdn.com/makeweb/m_1920x0/GKsm2kwBS/DucaSFV47379/DSC09909.jpg
MT015,Kawasaki,Versys 650,2025,224000,20000,9923,649,Touring,เทา,A+,1,กล่องท้าย,เจ้าของเดิม 1 คน (มือเดียว); มีสมุดเช็คระยะครบทุกระยะ; ยางหน้า-หลังดอกเหลือประมาณ 90%; โครงรถเดิม ไม่มีรอยเชื่อมหรือดัด,ยังอยู่ในประกันศูนย์ผู้ผลิตถึง เมษายน 2027 (ใช้ประกันศูนย์ที่เหลือแทนประกันร้าน),พร้อมขาย,2 สูบเรียง DOHC 4 จังหวะ 4 วาล์วต่อสูบ ระบายความร้อนด้วยน้ำ,"67 แรงม้า ที่ 8,500 รอบ/นาที",,845 มิลลิเมตร,219 กิโลกรัม,https://image.makewebcdn.com/makeweb/m_1920x0/GKsm2kwBS/KawaVersys6505086/DSC09835.jpg|https://image.makewebcdn.com/makeweb/m_1920x0/GKsm2kwBS/KawaVersys6505086/DSC09837.jpg|https://image.makewebcdn.com/makeweb/m_1920x0/GKsm2kwBS/KawaVersys6505086/DSC09838.jpg
MT016,Suzuki,Katana,2019,295000,0,27124,999,Naked,ดำ,B+,1,กล้องติดรถหน้า-หลัง; ที่ชาร์จ USB; ท้ายสั้น,เจ้าของเดิม 1 คน (มือเดียว); มีประวัติเข้าศูนย์บริการ; ยางหน้า-หลังดอกเหลือประมาณ 70%; ไม่มีประวัติรถชนหนักหรือจมน้ำ,"รับประกันเครื่องยนต์และระบบส่งกำลังจากร้าน 6 เดือน หรือ 5,000 กม. (แล้วแต่อย่างใดถึงก่อน)",พร้อมขาย,4 สูบเรียง DOHC 4 จังหวะ 4 วาล์วต่อสูบ ระบายความร้อนด้วยน้ำ,"150 แรงม้า ที่ 10,000 รอบ/นาที",,935 มิลลิเมตร,215 กิโลกรัม,https://image.makewebcdn.com/makeweb/m_1920x0/GKsm2kwBS/SuzukiKatana9959/DSC09665.jpg|https://image.makewebcdn.com/makeweb/m_1920x0/GKsm2kwBS/SuzukiKatana9959/DSC09664.jpg|https://image.makewebcdn.com/makeweb/m_1920x0/GKsm2kwBS/SuzukiKatana9959/DSC09666.jpg
MT017,Honda,NX500,2024,172000,0,12767,471,Touring,ดำ,A,1,,เจ้าของเดิม 1 คน (มือเดียว); มีสมุดเช็คระยะครบทุกระยะ; ยางหน้า-หลังดอกเหลือประมาณ 70%; ไม่มีประวัติรถชนหนักหรือจมน้ำ,"รับประกันเครื่องยนต์และระบบส่งกำลังจากร้าน 6 เดือน หรือ 5,000 กม. (แล้วแต่อย่างใดถึงก่อน)",พร้อมขาย,2 สูบเรียง DOHC 4 จังหวะ 4 วาล์วต่อสูบ ระบายความร้อนด้วยน้ำ,"47 แรงม้า ที่ 8,600 รอบ/นาที",,830 มิลลิเมตร,196 กิโลกรัม,https://image.makewebcdn.com/makeweb/m_1920x0/GKsm2kwBS/HondaNX5003989/DSC09490_2.jpg|https://image.makewebcdn.com/makeweb/m_1920x0/GKsm2kwBS/HondaNX5003989/DSC09491_2.jpg|https://image.makewebcdn.com/makeweb/m_1920x0/GKsm2kwBS/HondaNX5003989/DSC09492_2.jpg
MT018,Honda,Dax ST125,2022,73000,10000,19730,123.94,Mini Bike,เทา,A,1,ที่ชาร์จ USB,เจ้าของเดิม 1 คน (มือเดียว); มีประวัติเข้าศูนย์บริการ; ยางหน้า-หลังดอกเหลือประมาณ 70%; โครงรถเดิม ไม่มีรอยเชื่อมหรือดัด,"รับประกันเครื่องยนต์และระบบส่งกำลังจากร้าน 6 เดือน หรือ 5,000 กม. (แล้วแต่อย่างใดถึงก่อน)",พร้อมขาย,1 สูบ 4 จังหวะ SOHC 2 วาล์วต่อสูบ ระบายความร้อนด้วยอากาศ,"9.25 แรงม้า ที่ 7,000 รอบ/นาที",,778 มิลลิเมตร,107 กิโลกรัม,https://image.makewebcdn.com/makeweb/m_1920x0/GKsm2kwBS/HondaDax9611/DSC08667.jpg|https://image.makewebcdn.com/makeweb/m_1920x0/GKsm2kwBS/HondaDax9611/DSC08668.jpg|https://image.makewebcdn.com/makeweb/m_1920x0/GKsm2kwBS/HondaDax9611/DSC08714.jpg
MT019,Yamaha,XSR900,2022,299000,20000,9965,889,Classic,น้ำเงิน,A,2,,เจ้าของเดิม 2 คน; เช็คระยะตามกำหนดสม่ำเสมอ; ยางหน้า-หลังดอกเหลือประมาณ 80%; ไม่มีประวัติรถชนหนักหรือจมน้ำ,"รับประกันเครื่องยนต์และระบบส่งกำลังจากร้าน 6 เดือน หรือ 5,000 กม. (แล้วแต่อย่างใดถึงก่อน)",พร้อมขาย,4 จังหวะ 3 สูบเรียง DOHC ระบบระบายความร้อนด้วยน้ำ,"115 PS ที่ 10,000 รอบ/นาที","A,Standard,B",830 มิลลิเมตร,195 กิโลกรัม,https://image.makewebcdn.com/makeweb/m_1920x0/GKsm2kwBS/YamahaXSR9007893/DSC08200.jpg|https://image.makewebcdn.com/makeweb/m_1920x0/GKsm2kwBS/YamahaXSR9007893/DSC08202.jpg|https://image.makewebcdn.com/makeweb/m_1920x0/GKsm2kwBS/YamahaXSR9007893/DSC08203.jpg
MT020,Ducati,Monster 937,2023,262000,5000,13237,937,Naked,แดง,A,2,กันล้มข้างเครื่อง; ท้ายสั้น; ที่ชาร์จ USB,เจ้าของเดิม 2 คน; มีสมุดเช็คระยะครบทุกระยะ; ยางหน้า-หลังดอกเหลือประมาณ 60%; ระบบไฟและเซ็นเซอร์ทำงานครบ,"รับประกันเครื่องยนต์และระบบส่งกำลังจากร้าน 6 เดือน หรือ 5,000 กม. (แล้วแต่อย่างใดถึงก่อน)",พร้อมขาย,Testastretta 11 ° L-Twin 2 สูบ 4 วาล์ว ต่อสูบ ระบายความร้อนด้วยน้ำ,"111 แรงม้า ที่ 9,250 รอบ/นาที","Touring, Sport, Urban",820 มิลลิเมตร,188 กิโลกรัม,https://image.makewebcdn.com/makeweb/m_1920x0/GKsm2kwBS/DucaM9371818/DSC06498.jpg|https://image.makewebcdn.com/makeweb/m_1920x0/GKsm2kwBS/DucaM9371818/DSC06499.jpg|https://image.makewebcdn.com/makeweb/m_1920x0/GKsm2kwBS/DucaM9371818/DSC06500.jpg
MT021,Ducati,Diavel V4,2023,903000,10000,10655,1158,Cruiser,เทา,A,1,ท่อ Vance & Hines,เจ้าของเดิม 1 คน (มือเดียว); มีประวัติเข้าศูนย์บริการ; ยางหน้า-หลังดอกเหลือประมาณ 80%; ไม่มีประวัติรถชนหนักหรือจมน้ำ; เปลี่ยนโซ่-สเตอร์ชุดใหม่แล้ว,"รับประกันเครื่องยนต์และระบบส่งกำลังจากร้าน 6 เดือน หรือ 5,000 กม. (แล้วแต่อย่างใดถึงก่อน)",พร้อมขาย,V4 DOHC 4 จังหวะ 4 วาล์วต่อสูบ ระบายความร้อนด้วยน้ำ,"168 แรงม้า ที่ 10,750 รอบ/นาที","Sport, Touring, Urban, Wet",790 มิลลิเมตร,236 กิโลกรัม,https://image.makewebcdn.com/makeweb/m_1920x0/GKsm2kwBS/DucaDiavelV41855/DSC06105.jpg|https://image.makewebcdn.com/makeweb/m_1920x0/GKsm2kwBS/DucaDiavelV41855/DSC06106.jpg|https://image.makewebcdn.com/makeweb/m_1920x0/GKsm2kwBS/DucaDiavelV41855/DSC06107.jpg
MT022,Triumph,Speed 400,2024,143000,10000,9939,398.15,Classic,ดำ,A+,1,การ์ดไฟหน้า; การ์ดแฮนด์; เบาะแต่งทรงคาเฟ่,เจ้าของเดิม 1 คน (มือเดียว); เช็คระยะตามกำหนดสม่ำเสมอ; ยางหน้า-หลังดอกเหลือประมาณ 70%; โครงรถเดิม ไม่มีรอยเชื่อมหรือดัด; เปลี่ยนผ้าเบรกหน้า-หลังใหม่แล้ว,"รับประกันเครื่องยนต์และระบบส่งกำลังจากร้าน 6 เดือน หรือ 5,000 กม. (แล้วแต่อย่างใดถึงก่อน)",พร้อมขาย,1 สูบ 4 จังหวะ 4 วาล์ว ระบายความร้อนด้วยน้ำ,"39.5 แรงม้า ที่ 8,000 รอบ / นาที",,790 มิลลิเมตร,170 กิโลกรัม,https://image.makewebcdn.com/makeweb/m_1920x0/GKsm2kwBS/TriSpeed400195/DSC05897.jpg|https://image.makewebcdn.com/makeweb/m_1920x0/GKsm2kwBS/TriSpeed400195/DSC05899.jpg|https://image.makewebcdn.com/makeweb/m_1920x0/GKsm2kwBS/TriSpeed400195/DSC05900.jpg
MT023,Honda,CBR500R E-Clutch,2026,218000,20000,1955,471,Sport,ดำ,A+,1,กล้องติดรถหน้า-หลัง; ฟิล์มกันรอยถังน้ำมัน,เจ้าของเดิม 1 คน (มือเดียว); เช็คระยะตามกำหนดสม่ำเสมอ; ยางหน้า-หลังดอกเหลือประมาณ 70%; ไม่มีประวัติรถชนหนักหรือจมน้ำ,ยังอยู่ในประกันศูนย์ผู้ผลิตถึง ตุลาคม 2028 (ใช้ประกันศูนย์ที่เหลือแทนประกันร้าน),พร้อมขาย,2 สูบเรียง DOHC 4 จังหวะ 4 วาล์วต่อสูบ ระบายความร้อนด้วยน้ำ,"47 แรงม้า ที่ 8,500 รอบ/นาที",,785 มิลลิเมตร,194 กิโลกรัม,https://image.makewebcdn.com/makeweb/m_1920x0/GKsm2kwBS/HonCbr500r9517/7.jpg|https://image.makewebcdn.com/makeweb/m_1920x0/GKsm2kwBS/HonCbr500r9517/8.jpg|https://image.makewebcdn.com/makeweb/m_1920x0/GKsm2kwBS/HonCbr500r9517/DSC05782.jpg
MT024,Honda,CBR500R E-Clutch,2026,180000,0,1421,471,Sport,ดำ,A+,1,ท้ายสั้น; ฟิล์มกันรอยถังน้ำมัน; ที่ชาร์จ USB,เจ้าของเดิม 1 คน (มือเดียว); มีประวัติเข้าศูนย์บริการ; ยางหน้า-หลังดอกเหลือประมาณ 70%; ไม่มีประวัติรถชนหนักหรือจมน้ำ,ยังอยู่ในประกันศูนย์ผู้ผลิตถึง มกราคม 2028 (ใช้ประกันศูนย์ที่เหลือแทนประกันร้าน),พร้อมขาย,2 สูบเรียง DOHC 4 จังหวะ 4 วาล์วต่อสูบ ระบายความร้อนด้วยน้ำ,"47 แรงม้า ที่ 8,500 รอบ/นาที",,785 มิลลิเมตร,194 กิโลกรัม,https://image.makewebcdn.com/makeweb/m_1920x0/GKsm2kwBS/HonCbr500rE9532/5.jpg|https://image.makewebcdn.com/makeweb/m_1920x0/GKsm2kwBS/HonCbr500rE9532/6.jpg|https://image.makewebcdn.com/makeweb/m_1920x0/GKsm2kwBS/HonCbr500rE9532/DSC05793.jpg
MT025,Honda,CBR500R E-Clutch,2026,212000,20000,2306,471,Sport,ดำ,A,1,ท้ายสั้น; กันล้มข้างเครื่อง,เจ้าของเดิม 1 คน (มือเดียว); เช็คระยะตามกำหนดสม่ำเสมอ; ยางหน้า-หลังดอกเหลือประมาณ 90%; ระบบไฟและเซ็นเซอร์ทำงานครบ,ยังอยู่ในประกันศูนย์ผู้ผลิตถึง มิถุนายน 2028 (ใช้ประกันศูนย์ที่เหลือแทนประกันร้าน),พร้อมขาย,2 สูบเรียง DOHC 4 จังหวะ 4 วาล์วต่อสูบ ระบายความร้อนด้วยน้ำ,"47 แรงม้า ที่ 8,500 รอบ/นาที",,785 มิลลิเมตร,194 กิโลกรัม,https://image.makewebcdn.com/makeweb/m_1920x0/GKsm2kwBS/HondaCBR500Eclutch95301/5.jpg|https://image.makewebcdn.com/makeweb/m_1920x0/GKsm2kwBS/HondaCBR500Eclutch95301/6.jpg|https://image.makewebcdn.com/makeweb/m_1920x0/GKsm2kwBS/HondaCBR500Eclutch95301/DSC05793.jpg
MT026,Triumph,Speed 400,2024,159000,0,8695,398.15,Classic,ขาว,A,1,,เจ้าของเดิม 1 คน (มือเดียว); มีประวัติเข้าศูนย์บริการ; ยางหน้า-หลังดอกเหลือประมาณ 80%; ระบบไฟและเซ็นเซอร์ทำงานครบ,"รับประกันเครื่องยนต์และระบบส่งกำลังจากร้าน 6 เดือน หรือ 5,000 กม. (แล้วแต่อย่างใดถึงก่อน)",พร้อมขาย,1 สูบ 4 จังหวะ 4 วาล์ว ระบายความร้อนด้วยน้ำ,"39.5 แรงม้า ที่ 8,000 รอบ / นาที",,790 มิลลิเมตร,170 กิโลกรัม,https://image.makewebcdn.com/makeweb/m_1920x0/GKsm2kwBS/TriSpeed4009121/DSC04483.jpg|https://image.makewebcdn.com/makeweb/m_1920x0/GKsm2kwBS/TriSpeed4009121/DSC04484.jpg|https://image.makewebcdn.com/makeweb/m_1920x0/GKsm2kwBS/TriSpeed4009121/DSC04486.jpg
MT027,Ducati,Panigale V4 S,2018,820000,50000,36522,1103,Sport,เทา,B+,2,,เจ้าของเดิม 2 คน; เช็คระยะตามกำหนดสม่ำเสมอ; ยางหน้า-หลังดอกเหลือประมาณ 70%; โครงรถเดิม ไม่มีรอยเชื่อมหรือดัด,"รับประกันเครื่องยนต์และระบบส่งกำลังจากร้าน 6 เดือน หรือ 5,000 กม. (แล้วแต่อย่างใดถึงก่อน)",พร้อมขาย,"Desmosedici Stradale 90° V4 ,4 จังหวะ 4 สูบ ,ระบายความร้อนด้วยน้ำ","215.5 แรงม้า ที่ 13,000 รอบ/นาที","Race ,Sport ,Street",850 มิลลิเมตร,175 กิโลกรัม (Dry weight),https://image.makewebcdn.com/makeweb/m_1920x0/GKsm2kwBS/DucaPLV4s8088/DSC04146.jpg|https://image.makewebcdn.com/makeweb/m_1920x0/GKsm2kwBS/DucaPLV4s8088/DSC04147.jpg|https://image.makewebcdn.com/makeweb/m_1920x0/GKsm2kwBS/DucaPLV4s8088/DSC04148.jpg
MT028,Triumph,Trident 660,2021,215000,15000,28779,660,Naked,แดง,B+,2,กันล้มข้างเครื่อง; กระจกปลายแฮนด์; ท้ายสั้น,เจ้าของเดิม 2 คน; เช็คระยะตามกำหนดสม่ำเสมอ; ยางหน้า-หลังดอกเหลือประมาณ 90%; ระบบไฟและเซ็นเซอร์ทำงานครบ,"รับประกันเครื่องยนต์และระบบส่งกำลังจากร้าน 6 เดือน หรือ 5,000 กม. (แล้วแต่อย่างใดถึงก่อน)",พร้อมขาย,3 สูบเรียง 4 จังหวะ 12 วาล์ว ระบายความร้อนด้วยน้ำ,"81 แรงม้า ที่ 10,250 รอบ/นาที",Rain Road Sport,805 มิลลิเมตร,190 กิโลกรัม,https://image.makewebcdn.com/makeweb/m_1920x0/GKsm2kwBS/TriTrident6604253/DSC03558.jpg|https://image.makewebcdn.com/makeweb/m_1920x0/GKsm2kwBS/TriTrident6604253/DSC03559.jpg|https://image.makewebcdn.com/makeweb/m_1920x0/GKsm2kwBS/TriTrident6604253/DSC03561.jpg
MT029,Honda,CBR650R E-Clutch,2024,256000,5000,13771,649,Sport,ดำ,A,1,การ์ดแฮนด์; ที่ชาร์จ USB; เบาะเดี่ยวแต่ง,เจ้าของเดิม 1 คน (มือเดียว); เช็คระยะตามกำหนดสม่ำเสมอ; ยางหน้า-หลังดอกเหลือประมาณ 70%; ระบบไฟและเซ็นเซอร์ทำงานครบ,"รับประกันเครื่องยนต์และระบบส่งกำลังจากร้าน 6 เดือน หรือ 5,000 กม. (แล้วแต่อย่างใดถึงก่อน)",พร้อมขาย,4 สูบเรียง DOHC 4 จังหวะ 4 วาล์วต่อสูบ ระบายความร้อนด้วยน้ำ,"94 แรงม้า ที่ 12,000 รอบ/นาที",,810 มิลลิเมตร,211 กิโลกรัม,https://image.makewebcdn.com/makeweb/m_1920x0/GKsm2kwBS/HondaCBREclutch2615/DSC03694.jpg|https://image.makewebcdn.com/makeweb/m_1920x0/GKsm2kwBS/HondaCBREclutch2615/DSC03695.jpg|https://image.makewebcdn.com/makeweb/m_1920x0/GKsm2kwBS/HondaCBREclutch2615/DSC03696.jpg
MT030,Triumph,Trident 660,2021,182000,5000,25836,660,Naked,ขาว,B+,1,กระจกปลายแฮนด์,เจ้าของเดิม 1 คน (มือเดียว); มีสมุดเช็คระยะครบทุกระยะ; ยางหน้า-หลังดอกเหลือประมาณ 70%; โครงรถเดิม ไม่มีรอยเชื่อมหรือดัด,"รับประกันเครื่องยนต์และระบบส่งกำลังจากร้าน 6 เดือน หรือ 5,000 กม. (แล้วแต่อย่างใดถึงก่อน)",พร้อมขาย,3 สูบเรียง 4 จังหวะ 12 วาล์ว ระบายความร้อนด้วยน้ำ,"81 แรงม้า ที่ 10,250 รอบ/นาที",Rain Road Sport,805 มิลลิเมตร,190 กิโลกรัม,https://image.makewebcdn.com/makeweb/m_1920x0/GKsm2kwBS/TriTrident66030/DSC03038.jpg|https://image.makewebcdn.com/makeweb/m_1920x0/GKsm2kwBS/TriTrident66030/DSC03039.jpg|https://image.makewebcdn.com/makeweb/m_1920x0/GKsm2kwBS/TriTrident66030/DSC03040.jpg
MT031,BMW,S1000RR,2024,759000,50000,11774,999,Sport,ขาว-น้ำเงิน-แดง (ลาย Motorsport),A,1,ท่อสลิปออน Akrapovic; ท้ายสั้น; ฟิล์มกันรอยถังน้ำมัน,เจ้าของเดิม 1 คน (มือเดียว); มีสมุดเช็คระยะครบทุกระยะ; ยางหน้า-หลังดอกเหลือประมาณ 70%; ระบบไฟและเซ็นเซอร์ทำงานครบ,"รับประกันเครื่องยนต์และระบบส่งกำลังจากร้าน 6 เดือน หรือ 5,000 กม. (แล้วแต่อย่างใดถึงก่อน)",พร้อมขาย,4 สูบเรียง 4 จังหวะ 16 วาล์ว ระบายความร้อนด้วยน้ำ พร้อมระบบ ShiftCam,"210 แรงม้า ที่ 13,750 รอบ/นาที","Rain, Road, Dynamic, Race",824 มิลลิเมตร,197 กิโลกรัม,https://image.makewebcdn.com/makeweb/m_1920x0/GKsm2kwBS/BMWS1000rrTri4322/DSC02592.jpg|https://image.makewebcdn.com/makeweb/m_1920x0/GKsm2kwBS/BMWS1000rrTri4322/DSC02593.jpg|https://image.makewebcdn.com/makeweb/m_1920x0/GKsm2kwBS/BMWS1000rrTri4322/DSC02595.jpg
MT032,BMW,R 1250 GS Adventure HP,2019,709000,0,51425,1254,Touring,เทา,B+,2,กล้องติดรถหน้า-หลัง; ที่ชาร์จ USB,เจ้าของเดิม 2 คน; เช็คระยะตามกำหนดสม่ำเสมอ; ยางหน้า-หลังดอกเหลือประมาณ 90%; ไม่มีประวัติรถชนหนักหรือจมน้ำ,"รับประกันเครื่องยนต์และระบบส่งกำลังจากร้าน 6 เดือน หรือ 5,000 กม. (แล้วแต่อย่างใดถึงก่อน)",พร้อมขาย,2 สูบวางนอนชนิด Boxer 4 จังหวะ 8 วาล์ว ระบายความร้อนด้วยน้ำ พร้อมระบบ ShiftCam,"136 แรงม้า ที่ 7,750 รอบ / นาที","Rain , Road , Dynamic , Dynamic Pro, Enduro , Enduro Pro",840 - 860 มิลลิเมตร (สามารถปรับได้),268 กิโลกรัม,https://image.makewebcdn.com/makeweb/m_1920x0/GKsm2kwBS/BMWR1250gsa4551/DSC02204.jpg|https://image.makewebcdn.com/makeweb/m_1920x0/GKsm2kwBS/BMWR1250gsa4551/DSC02205.jpg|https://image.makewebcdn.com/makeweb/m_1920x0/GKsm2kwBS/BMWR1250gsa4551/DSC02206.jpg
MT033,Honda,CB750 Hornet,2023,267000,20000,15935,755,Naked,ขาว,A,2,ที่ชาร์จ USB; ท้ายสั้น,เจ้าของเดิม 2 คน; มีประวัติเข้าศูนย์บริการ; ยางหน้า-หลังดอกเหลือประมาณ 70%; โครงรถเดิม ไม่มีรอยเชื่อมหรือดัด,"รับประกันเครื่องยนต์และระบบส่งกำลังจากร้าน 6 เดือน หรือ 5,000 กม. (แล้วแต่อย่างใดถึงก่อน)",พร้อมขาย,2 สูบเรียง DOHC 4 จังหวะ 4 วาล์วต่อสูบ ระบายความร้อนด้วยน้ำ องศาจุดระเบิด 270 องศา,"90.5 แรงม้า ที่ 9,500 รอบ/นาที",,795 มิลลิเมตร,190 กิโลกรัม,https://image.makewebcdn.com/makeweb/m_1920x0/GKsm2kwBS/Hondacb7506825/DSC01726.jpg|https://image.makewebcdn.com/makeweb/m_1920x0/GKsm2kwBS/Hondacb7506825/DSC01728.jpg|https://image.makewebcdn.com/makeweb/m_1920x0/GKsm2kwBS/Hondacb7506825/DSC01729.jpg
MT034,Triumph,Speed 400,2024,131000,0,6730,398.15,Classic,แดง,A,1,กล้องติดรถหน้า-หลัง; กันล้มข้างเครื่อง; เบาะแต่งทรงคาเฟ่,เจ้าของเดิม 1 คน (มือเดียว); มีประวัติเข้าศูนย์บริการ; ยางหน้า-หลังดอกเหลือประมาณ 90%; ระบบไฟและเซ็นเซอร์ทำงานครบ,"รับประกันเครื่องยนต์และระบบส่งกำลังจากร้าน 6 เดือน หรือ 5,000 กม. (แล้วแต่อย่างใดถึงก่อน)",พร้อมขาย,1 สูบ 4 จังหวะ 4 วาล์ว ระบายความร้อนด้วยน้ำ,"39.5 แรงม้า ที่ 8,000 รอบ / นาที",,790 มิลลิเมตร,170 กิโลกรัม,https://image.makewebcdn.com/makeweb/m_1920x0/GKsm2kwBS/TriSpeed8828/DSC01166.jpg|https://image.makewebcdn.com/makeweb/m_1920x0/GKsm2kwBS/TriSpeed8828/DSC01167.jpg|https://image.makewebcdn.com/makeweb/m_1920x0/GKsm2kwBS/TriSpeed8828/DSC01168.jpg
MT035,BMW,S1000RR,2023,725000,50000,7186,999,Sport,ดำ,A,1,กล้องติดรถหน้า-หลัง; เบาะเดี่ยวแต่ง; ที่ชาร์จ USB,เจ้าของเดิม 1 คน (มือเดียว); มีประวัติเข้าศูนย์บริการ; ยางหน้า-หลังดอกเหลือประมาณ 90%; โครงรถเดิม ไม่มีรอยเชื่อมหรือดัด; เปลี่ยนผ้าเบรกหน้า-หลังใหม่แล้ว,"รับประกันเครื่องยนต์และระบบส่งกำลังจากร้าน 6 เดือน หรือ 5,000 กม. (แล้วแต่อย่างใดถึงก่อน)",ติดจอง,4 สูบเรียง 4 จังหวะ 16 วาล์ว ระบายความร้อนด้วยน้ำ พร้อมระบบ ShiftCam,"210 แรงม้า ที่ 13,750 รอบ / นาที","Rain, Road, Dynamic, Race",824 มิลลิเมตร,197 กิโลกรัม,https://image.makewebcdn.com/makeweb/m_1920x0/GKsm2kwBS/BMWS1000rr1010/DSC09725.jpg|https://image.makewebcdn.com/makeweb/m_1920x0/GKsm2kwBS/BMWS1000rr1010/DSC09727.jpg|https://image.makewebcdn.com/makeweb/m_1920x0/GKsm2kwBS/BMWS1000rr1010/DSC09728.jpg
MT036,Ducati,Monster 937,2022,303000,30000,22133,937,Naked,แดง,B+,1,,เจ้าของเดิม 1 คน (มือเดียว); มีสมุดเช็คระยะครบทุกระยะ; ยางหน้า-หลังดอกเหลือประมาณ 90%; ไม่มีประวัติรถชนหนักหรือจมน้ำ; เปลี่ยนผ้าเบรกหน้า-หลังใหม่แล้ว,"รับประกันเครื่องยนต์และระบบส่งกำลังจากร้าน 6 เดือน หรือ 5,000 กม. (แล้วแต่อย่างใดถึงก่อน)",พร้อมขาย,Testastretta 11 ° L-Twin 2 สูบ 4 วาล์ว ต่อสูบ ระบายความร้อนด้วยน้ำ,"111 แรงม้า ที่ 9,250 รอบ/นาที","Touring, Sport, Urban",820 มิลลิเมตร,188 กิโลกรัม,https://image.makewebcdn.com/makeweb/m_1920x0/GKsm2kwBS/DucaMonster9377186/DSC09473.jpg|https://image.makewebcdn.com/makeweb/m_1920x0/GKsm2kwBS/DucaMonster9377186/DSC09475.jpg|https://image.makewebcdn.com/makeweb/m_1920x0/GKsm2kwBS/DucaMonster9377186/DSC09476.jpg
MT037,Honda,CBR650R,2021,211000,5000,19579,649,Sport,เทา,B+,1,ท่อสลิปออน Akrapovic; กล้องติดรถหน้า-หลัง,เจ้าของเดิม 1 คน (มือเดียว); มีสมุดเช็คระยะครบทุกระยะ; ยางหน้า-หลังดอกเหลือประมาณ 60%; ระบบไฟและเซ็นเซอร์ทำงานครบ; เปลี่ยนโซ่-สเตอร์ชุดใหม่แล้ว,"รับประกันเครื่องยนต์และระบบส่งกำลังจากร้าน 6 เดือน หรือ 5,000 กม. (แล้วแต่อย่างใดถึงก่อน)",พร้อมขาย,4 สูบเรียง DOHC 4 จังหวะ 4 วาล์วต่อสูบ ระบายความร้อนด้วยน้ำ,"95.2 แรงม้า ที่ 12,000 รอบ/นาที",,810 มิลลิเมตร,207 กิโลกรัม,https://image.makewebcdn.com/makeweb/m_1920x0/GKsm2kwBS/HondaCBR650r4285/DSC07752.jpg|https://image.makewebcdn.com/makeweb/m_1920x0/GKsm2kwBS/HondaCBR650r4285/DSC07754.jpg|https://image.makewebcdn.com/makeweb/m_1920x0/GKsm2kwBS/HondaCBR650r4285/DSC07755.jpg
MT038,Yamaha,MT-09,2022,272000,0,13926,889,Naked,เทา,A,1,กันล้มข้างเครื่อง; การ์ดแฮนด์,เจ้าของเดิม 1 คน (มือเดียว); เช็คระยะตามกำหนดสม่ำเสมอ; ยางหน้า-หลังดอกเหลือประมาณ 60%; ไม่มีประวัติรถชนหนักหรือจมน้ำ,"รับประกันเครื่องยนต์และระบบส่งกำลังจากร้าน 6 เดือน หรือ 5,000 กม. (แล้วแต่อย่างใดถึงก่อน)",พร้อมขาย,DOHC 3 สูบ 4 จังหวะ 4 วาล์วต่อสูบ ระบายความร้อนด้วยน้ำ,"119 แรงม้า ที่ 10,000 รอบ/นาที",,825 มิลลิเมตร,190 กิโลกรัม,https://image.makewebcdn.com/makeweb/m_1920x0/GKsm2kwBS/YamahaMT098694/DSC09226.jpg|https://image.makewebcdn.com/makeweb/m_1920x0/GKsm2kwBS/YamahaMT098694/DSC09229.jpg|https://image.makewebcdn.com/makeweb/m_1920x0/GKsm2kwBS/YamahaMT098694/DSC09230.jpg
MT039,Honda,NX500,2024,183000,5000,13375,471,Touring,ดำ,A,1,,เจ้าของเดิม 1 คน (มือเดียว); เช็คระยะตามกำหนดสม่ำเสมอ; ยางหน้า-หลังดอกเหลือประมาณ 70%; ไม่มีประวัติรถชนหนักหรือจมน้ำ,ยังอยู่ในประกันศูนย์ผู้ผลิตถึง ธันวาคม 2026 (ใช้ประกันศูนย์ที่เหลือแทนประกันร้าน),พร้อมขาย,2 สูบเรียง DOHC 4 จังหวะ 4 วาล์วต่อสูบ ระบายความร้อนด้วยน้ำ,"47 แรงม้า ที่ 8,600 รอบ/นาที",,830 มิลลิเมตร,196 กิโลกรัม,https://image.makewebcdn.com/makeweb/m_1920x0/GKsm2kwBS/HondaNX500166/DSC07857.jpg|https://image.makewebcdn.com/makeweb/m_1920x0/GKsm2kwBS/HondaNX500166/DSC07858.jpg|https://image.makewebcdn.com/makeweb/m_1920x0/GKsm2kwBS/HondaNX500166/DSC07859.jpg
MT040,Kawasaki,Z400,2019,108000,10000,41020,399,Naked,เทา,B+,1,ท้ายสั้น; การ์ดแฮนด์,เจ้าของเดิม 1 คน (มือเดียว); มีประวัติเข้าศูนย์บริการ; ยางหน้า-หลังดอกเหลือประมาณ 90%; ไม่มีประวัติรถชนหนักหรือจมน้ำ,"รับประกันเครื่องยนต์และระบบส่งกำลังจากร้าน 6 เดือน หรือ 5,000 กม. (แล้วแต่อย่างใดถึงก่อน)",พร้อมขาย,4 จังหวะ 2 สูบเรียง ระบายความร้อนด้วยน้ำ DOHC 4 วาล์วต่อลูกสูบ,"45 แรงม้า ที่ 10,000 รอบ/นาที",,785 มิลลิเมตร,167 กิโลกรัม,https://image.makewebcdn.com/makeweb/m_1920x0/GKsm2kwBS/KawasakiZ4007510/1.jpg|https://image.makewebcdn.com/makeweb/m_1920x0/GKsm2kwBS/KawasakiZ4007510/2.jpg|https://image.makewebcdn.com/makeweb/m_1920x0/GKsm2kwBS/KawasakiZ4007510/3.jpg
MT041,Ducati,Scrambler Nightshift,2023,269000,20000,9445,803,Naked,ดำด้าน,A,2,ที่ชาร์จ USB; กล้องติดรถหน้า-หลัง; ชิลด์หน้าสโมค,เจ้าของเดิม 2 คน; เช็คระยะตามกำหนดสม่ำเสมอ; ยางหน้า-หลังดอกเหลือประมาณ 80%; โครงรถเดิม ไม่มีรอยเชื่อมหรือดัด,"รับประกันเครื่องยนต์และระบบส่งกำลังจากร้าน 6 เดือน หรือ 5,000 กม. (แล้วแต่อย่างใดถึงก่อน)",พร้อมขาย,L-Twin Desmodromic distribution 2 สูบ 4 จังหวะ 2 วาล์วต่อสูบ ระบายความร้อนด้วยอากาศ,"73 แรงม้า ที่ 8,250 รอบ/นาที",Sport และ Road,795 มิลลิเมตร,176 กิโลกรัม,https://image.makewebcdn.com/makeweb/m_1920x0/GKsm2kwBS/DucatiNightshift803/1.jpg|https://image.makewebcdn.com/makeweb/m_1920x0/GKsm2kwBS/DucatiNightshift803/2.jpg|https://image.makewebcdn.com/makeweb/m_1920x0/GKsm2kwBS/DucatiNightshift803/3.jpg
MT042,Ducati,Diavel V4,2024,654000,30000,9619,1158,Cruiser,เทา,A,1,ฟิล์มกันรอยถังน้ำมัน; ท่อ Vance & Hines,เจ้าของเดิม 1 คน (มือเดียว); มีสมุดเช็คระยะครบทุกระยะ; ยางหน้า-หลังดอกเหลือประมาณ 80%; โครงรถเดิม ไม่มีรอยเชื่อมหรือดัด,"รับประกันเครื่องยนต์และระบบส่งกำลังจากร้าน 6 เดือน หรือ 5,000 กม. (แล้วแต่อย่างใดถึงก่อน)",พร้อมขาย,V4 DOHC 4 จังหวะ 4 วาล์วต่อสูบ ระบายความร้อนด้วยน้ำ,"168 แรงม้า ที่ 10,750 รอบ/นาที","Sport, Touring, Urban, Wet",790 มิลลิเมตร,236 กิโลกรัม,https://image.makewebcdn.com/makeweb/m_1920x0/GKsm2kwBS/DucaDiavelV4102/1.jpg|https://image.makewebcdn.com/makeweb/m_1920x0/GKsm2kwBS/DucaDiavelV4102/2.jpg|https://image.makewebcdn.com/makeweb/m_1920x0/GKsm2kwBS/DucaDiavelV4102/3.jpg
MT043,Ducati,Streetfighter 1098 S,2012,430000,50000,34971,1099,Naked,แดง,B+,1,ที่ชาร์จ USB; กล้องติดรถหน้า-หลัง; ฟิล์มกันรอยถังน้ำมัน,เจ้าของเดิม 1 คน (มือเดียว); มีสมุดเช็คระยะครบทุกระยะ; ยางหน้า-หลังดอกเหลือประมาณ 80%; ไม่มีประวัติรถชนหนักหรือจมน้ำ,"รับประกันเครื่องยนต์และระบบส่งกำลังจากร้าน 6 เดือน หรือ 5,000 กม. (แล้วแต่อย่างใดถึงก่อน)",พร้อมขาย,"L-Twin cylinder, 8 valve Desmodromic DOHC 4 วาล์ว ต่อสูบ ระบายความร้อนด้วยน้ำ","155 แรงม้า ที่ 9,500 รอบ/นาที",,840 มิลลิเมตร,197 กิโลกรัม,https://image.makewebcdn.com/makeweb/m_1920x0/GKsm2kwBS/DucaSF1098s1283/DSC00250.jpg|https://image.makewebcdn.com/makeweb/m_1920x0/GKsm2kwBS/DucaSF1098s1283/DSC00251.jpg|https://image.makewebcdn.com/makeweb/m_1920x0/GKsm2kwBS/DucaSF1098s1283/DSC00252.jpg
MT044,Honda,CB500X,2021,149000,10000,31908,471,Touring,เทา,B+,2,ชิลด์หน้าทรงสูง; กล้องติดรถหน้า-หลัง,เจ้าของเดิม 2 คน; มีสมุดเช็คระยะครบทุกระยะ; ยางหน้า-หลังดอกเหลือประมาณ 60%; ระบบไฟและเซ็นเซอร์ทำงานครบ; เปลี่ยนโซ่-สเตอร์ชุดใหม่แล้ว,"รับประกันเครื่องยนต์และระบบส่งกำลังจากร้าน 6 เดือน หรือ 5,000 กม. (แล้วแต่อย่างใดถึงก่อน)",พร้อมขาย,2 สูบเรียง DOHC 4 จังหวะ 4 วาล์วต่อสูบ ระบายความร้อนด้วยน้ำ,"46 แรงม้า ที่ 8,600 รอบ/นาที",,834 มิลลิเมตร,198 กิโลกรัม,https://image.makewebcdn.com/makeweb/m_1920x0/GKsm2kwBS/HondaCB500x1179/DSC08571.jpg|https://image.makewebcdn.com/makeweb/m_1920x0/GKsm2kwBS/HondaCB500x1179/DSC08572.jpg|https://image.makewebcdn.com/makeweb/m_1920x0/GKsm2kwBS/HondaCB500x1179/DSC08573.jpg
